Row,poall
delta,5.34060063241203e-05
theta,1.13119286639531e-05
alpha,7.07805458915847e-06
beta,1.94118493698493e-06
