Row,poall
delta,2.00507542072101e-05
theta,3.14071859865e-05
alpha,6.86623225895188e-06
beta,2.386514536204e-06
