Row,poall
delta,1.16313653486345e-05
theta,2.92010546417496e-06
alpha,1.47327993635937e-06
beta,3.0530929240931e-06
