Row,poall
delta,2.3582750449912e-05
theta,8.86118948941737e-06
alpha,1.88098191827548e-06
beta,9.64770703084811e-07
