Row,poall
delta,5.55288156150049e-05
theta,8.7900866553834e-06
alpha,2.33179230732523e-06
beta,1.78105234468813e-06
