Row,poall
delta,2.96547968604975e-05
theta,1.31434293758884e-05
alpha,1.15353316211451e-05
beta,4.30038740576012e-06
