Row,poall
delta,1.13934250866738e-05
theta,1.40587255588013e-05
alpha,5.54160232544699e-06
beta,5.95951713537848e-06
