Row,poall
delta,2.12666048307594e-05
theta,1.25916677378006e-05
alpha,7.05180022645074e-06
beta,4.88100227619355e-06
