Row,poall
delta,2.71157094172687e-05
theta,1.3524883571819e-05
alpha,7.37795470351904e-06
beta,4.31105675280034e-06
