Row,poall
delta,4.01584080214815e-05
theta,8.6284760244979e-06
alpha,1.87210860338577e-06
beta,1.23604947919937e-06
