Row,poall
delta,1.77840819112412e-05
theta,4.66241519911261e-06
alpha,2.63790022904884e-06
beta,7.53070166662166e-07
