Row,poall
delta,3.77208511544431e-05
theta,8.45413950595018e-06
alpha,3.06984309315367e-06
beta,2.72021664047734e-06
