Row,poall
delta,7.1022489047584e-05
theta,8.13766072408682e-06
alpha,3.08708016989937e-06
beta,1.06412403913016e-06
