Row,poall
delta,4.32507186189703e-05
theta,1.05522701329183e-05
alpha,7.21146647596805e-06
beta,1.54492019788849e-06
