Row,poall
delta,2.86405114895143e-05
theta,4.85158544136727e-06
alpha,1.87846202615812e-06
beta,1.53089887292459e-06
