Row,poall
delta,2.24623879607499e-05
theta,2.36328505143146e-05
alpha,5.16297477373186e-06
beta,2.95041593870243e-06
