Row,poall
delta,4.14813466232618e-05
theta,1.35247351181549e-05
alpha,8.41269969673448e-06
beta,4.13589736055819e-06
