Row,poall
delta,5.14336146252846e-05
theta,2.58442836286936e-05
alpha,7.0598783760366e-06
beta,2.59908726029345e-06
