Row,poall
delta,4.66857497127109e-05
theta,1.38986390833036e-05
alpha,5.55450157671887e-06
beta,3.54193790138681e-06
