Row,poall
delta,1.65246428193514e-05
theta,1.24099077537766e-05
alpha,4.48076192321836e-06
beta,2.79461527944708e-06
