Row,poall
delta,1.53565739747067e-05
theta,4.59319051995592e-06
alpha,2.69175179638673e-06
beta,1.23383190653477e-06
