Row,poall
delta,6.98664488433402e-05
theta,2.79873180307927e-05
alpha,8.84463500346329e-06
beta,3.18615555666419e-06
