Row,poall
delta,3.20004560455713e-05
theta,5.18915973637228e-06
alpha,3.06031719350489e-06
beta,1.39576006395656e-06
