Row,poall
delta,8.14617049148213e-06
theta,1.19014527584278e-05
alpha,5.69317524644397e-06
beta,3.97197098697936e-06
