Row,poall
delta,4.44274904129883e-05
theta,9.7907564213537e-06
alpha,4.63919539254794e-06
beta,1.78528856072632e-06
