Row,poall
delta,1.88194329841361e-05
theta,9.10034960964224e-06
alpha,3.77728784156547e-06
beta,3.04875909105988e-06
