Row,poall
delta,3.93562029048402e-05
theta,1.01641640944192e-05
alpha,4.29495752987553e-06
beta,1.45239308477691e-06
