Row,poall
delta,5.81605686925644e-05
theta,9.96303915323369e-06
alpha,5.03958345771682e-06
beta,4.31160330232474e-06
