Row,poall
delta,2.95147941013447e-05
theta,7.16141336458826e-06
alpha,5.91158023681524e-06
beta,1.24438416143453e-06
