Row,poall
delta,4.9610827733816e-05
theta,9.66260649966326e-06
alpha,4.63099516061916e-06
beta,1.73695014739947e-06
