Row,poall
delta,3.83852178542027e-05
theta,8.52819365490808e-06
alpha,5.33121623633701e-06
beta,1.6070182992802e-06
