Row,poall
delta,5.00469059628353e-05
theta,1.20633685802493e-05
alpha,9.9277643659292e-06
beta,5.48276209818005e-06
