Row,poall
delta,4.41777993234387e-05
theta,1.02493745656799e-05
alpha,3.88573514756831e-06
beta,1.95204292665721e-06
