Row,poall
delta,2.11701711314447e-05
theta,3.52255929235205e-06
alpha,1.10010725560381e-06
beta,5.98065562877487e-07
