Row,poall
delta,5.46238527632621e-05
theta,2.19282520078928e-05
alpha,5.39066114812055e-06
beta,2.19203276334489e-06
