Row,poall
delta,4.34556034492109e-05
theta,1.95996018649822e-05
alpha,3.97754454680144e-06
beta,1.98557918262646e-06
