Row,poall
delta,1.96539743778208e-05
theta,2.36830988886864e-05
alpha,1.21485425294861e-05
beta,5.20461542417285e-06
