Row,poall
delta,2.59214659089049e-05
theta,1.67885489975996e-05
alpha,7.13255543856732e-06
beta,3.4130726687949e-06
