Row,poall
delta,1.12182463224108e-05
theta,1.37199768328821e-05
alpha,4.4957321978434e-06
beta,2.89530612583977e-06
