Row,poall
delta,7.40884359141728e-05
theta,1.52578457753872e-05
alpha,4.36869023403738e-06
beta,1.66541996605838e-06
