Row,poall
delta,6.17894585599547e-05
theta,1.1818851209821e-05
alpha,7.67831363667862e-06
beta,2.50126140247574e-06
