Row,poall
delta,2.57683927484626e-05
theta,1.857452394392e-05
alpha,6.90049293417839e-06
beta,3.49502939435515e-06
