Row,poall
delta,2.54671431475163e-05
theta,2.26650963296782e-05
alpha,1.47195338929825e-05
beta,2.83270534244796e-06
