Row,poall
delta,2.34582448653411e-05
theta,4.32210701080432e-06
alpha,2.75935723406347e-06
beta,1.97202054183385e-06
