Row,poall
delta,5.57447743160671e-05
theta,9.96301456507028e-06
alpha,4.86087201605665e-06
beta,1.72606772128365e-06
