Row,poall
delta,2.33579296211891e-05
theta,1.57001318700976e-05
alpha,7.70808090842449e-06
beta,3.12439341786774e-06
