Row,poall
delta,3.62356778603318e-05
theta,1.0190870808792e-05
alpha,2.99242301400946e-06
beta,2.90179129117448e-06
