Row,poall
delta,1.09160201575336e-05
theta,5.37483337840174e-06
alpha,1.3911605666086e-06
beta,6.82209970176133e-07
