Row,poall
delta,1.81738601442616e-05
theta,6.82191292499495e-06
alpha,5.07613436300318e-06
beta,2.68490245684263e-06
