Row,poall
delta,3.17245311226242e-05
theta,9.32159832836978e-06
alpha,7.16227319418415e-06
beta,2.42627395996711e-06
