Row,poall
delta,5.11903922412588e-05
theta,1.54069702912344e-05
alpha,1.22384365625185e-05
beta,2.91150404923687e-06
