Row,poall
delta,3.04131745356919e-05
theta,5.45575817713921e-06
alpha,3.70808381989128e-06
beta,2.45524236179615e-06
