Row,poall
delta,4.82524865147807e-05
theta,9.84446591845319e-06
alpha,2.05371045945881e-06
beta,1.24566110631663e-06
