Row,poall
delta,6.28855730657965e-05
theta,8.37170842953882e-06
alpha,1.17070591920447e-05
beta,4.40036986939758e-06
