Row,poall
delta,4.2971795367667e-05
theta,8.39505508859239e-06
alpha,3.37132749893943e-06
beta,1.34905982634038e-06
