Row,poall
delta,1.28617984508705e-06
theta,1.32585874548911e-06
alpha,1.78514658277226e-06
beta,2.71827654287641e-06
