Row,poall
delta,2.94293899084847e-05
theta,5.63375352647524e-06
alpha,6.7221972503241e-06
beta,2.33856942262946e-06
