Row,poall
delta,4.03148246026566e-05
theta,1.06052413323909e-05
alpha,7.02773193356123e-06
beta,2.21336705961504e-06
