Row,poall
delta,2.68432274035981e-05
theta,9.36320027784551e-06
alpha,4.67276453456585e-06
beta,2.4593981081057e-06
