Row,poall
delta,4.3531263686651e-05
theta,1.50036003141571e-05
alpha,7.58858670065676e-06
beta,1.54249628156057e-06
