Row,poall
delta,4.1706826890703e-05
theta,1.93906849611813e-05
alpha,5.37159541061705e-06
beta,2.77352853110314e-06
