Row,poall
delta,3.21167379274974e-05
theta,1.78943894062486e-05
alpha,7.82974183298619e-06
beta,3.0321080086087e-06
