Row,poall
delta,3.39624554004987e-05
theta,1.29773304674291e-05
alpha,1.17024597770184e-05
beta,3.1210050102204e-06
