Row,poall
delta,2.21357291964026e-05
theta,4.02800505537144e-06
alpha,3.25072055068886e-06
beta,1.98380179736002e-06
