Row,poall
delta,4.74583492520167e-05
theta,1.40910234623632e-05
alpha,4.73924722552659e-06
beta,1.37479228701013e-06
