Row,poall
delta,1.72438683318204e-05
theta,6.45192997471239e-06
alpha,7.1375911510311e-06
beta,2.53647035876753e-06
