Row,poall
delta,7.68586397559156e-05
theta,1.0956679393107e-05
alpha,8.55363289491344e-06
beta,2.11121859219694e-06
