Row,poall
delta,1.78774606267854e-05
theta,4.95409033953147e-06
alpha,3.41671634996724e-06
beta,5.68793941412089e-06
