Row,poall
delta,6.35764041873399e-06
theta,6.23346039834437e-06
alpha,7.62293058260873e-06
beta,6.06922030536205e-06
