Row,poall
delta,4.63000422343863e-05
theta,6.42962925288806e-06
alpha,1.69716281013193e-06
beta,7.73095774798405e-07
