Row,poall
delta,4.32128270629449e-05
theta,1.03634109325778e-05
alpha,7.64053859775465e-06
beta,3.41333200601284e-06
