Row,poall
delta,6.95437896307198e-05
theta,1.60361924243175e-05
alpha,7.00991179008673e-06
beta,1.81561381332814e-06
