Row,poall
delta,3.00929388850977e-05
theta,1.36353037563179e-05
alpha,6.78004872765599e-06
beta,1.27684379948907e-06
