Row,poall
delta,4.5650862541472e-06
theta,3.19736996726924e-06
alpha,2.21519689205421e-06
beta,3.25035115687287e-06
