Row,poall
delta,5.44847490076121e-06
theta,1.32603364285189e-06
alpha,1.46630517509853e-06
beta,2.1522165370086e-06
