Row,poall
delta,1.64892860794709e-05
theta,5.81988795716803e-06
alpha,3.7485552310738e-06
beta,3.29302270159899e-06
