Row,poall
delta,1.79836948598974e-05
theta,5.89229634131138e-06
alpha,3.1111665812171e-06
beta,3.80726386546065e-06
