Row,poall
delta,3.61300520802769e-05
theta,1.44551538131825e-05
alpha,7.96967655927332e-06
beta,2.42002104709427e-06
