Row,poall
delta,2.46016982921167e-05
theta,4.34058805468078e-06
alpha,2.71334297720492e-06
beta,1.24135790121763e-06
