Row,poall
delta,2.60441305551336e-05
theta,1.56174345232332e-05
alpha,6.41366349546834e-06
beta,1.34267757895531e-06
