Row,poall
delta,7.16211084266558e-05
theta,9.84838765609955e-06
alpha,4.13627105752077e-06
beta,2.72954710254427e-06
