Row,poall
delta,3.14920424361713e-05
theta,3.92132440102059e-06
alpha,1.95523423176457e-06
beta,8.11991866054077e-07
