Row,poall
delta,2.49060200578082e-05
theta,5.73897953348032e-06
alpha,4.58789402607599e-06
beta,3.48974072053657e-06
