Row,poall
delta,4.07453393404823e-05
theta,1.39339562325722e-05
alpha,4.64764707693898e-06
beta,1.46020230891913e-06
