Row,poall
delta,3.13245933381608e-05
theta,1.69103195079501e-05
alpha,5.00635820334114e-06
beta,1.41349487199242e-06
