Row,poall
delta,5.28987186178648e-05
theta,1.79237800160829e-05
alpha,3.14501541460431e-06
beta,2.01345519990772e-06
