Row,poall
delta,3.17162362023826e-05
theta,1.39315186147559e-05
alpha,3.14701004940243e-06
beta,2.6541415781134e-06
