Row,poall
delta,2.33829480628421e-05
theta,5.61105923663868e-06
alpha,2.32859061057592e-06
beta,1.21266052941225e-06
