Row,poall
delta,1.37214236046447e-05
theta,5.03777863061908e-06
alpha,2.58787613034778e-06
beta,2.55987944824892e-06
