Row,poall
delta,1.63897196401168e-05
theta,5.8522980780789e-06
alpha,1.97736617567703e-06
beta,2.11667331392754e-06
